Question,Answer
What is Python?,Python is a high-level programming language known for its simplicity and readability.
What is PEP 8?,PEP 8 is the official style guide for Python code that provides guidelines on how to format code for better readability.
What is the difference between Python 2 and Python 3?,Python 2 and Python 3 are two major versions of Python. Python 3 introduced several improvements and backward-incompatible changes compared to Python 2.
How do you comment in Python?,In Python, you can use the hash symbol (#) to write single-line comments. Multi-line comments can be enclosed in triple quotes (''' ''') or using the '#' symbol for each line.
What are Python decorators?,Decorators are a way to modify the behavior of functions or classes in Python by wrapping them with other functions.
What are lambda functions in Python?,Lambda functions, also known as anonymous functions, are small, single-line functions without a name. They are defined using the 'lambda' keyword.
What is a virtual environment in Python?,A virtual environment in Python is an isolated environment that allows you to manage and install Python packages separately for different projects.
How do you install external packages in Python?,You can use the 'pip' command to install external packages in Python. For example, 'pip install package_name'.
What is the purpose of 'if __name__ == "__main__" ' in Python scripts?,The 'if __name__ == "__main__" ' block is used to check if the Python script is being executed as the main module or imported as a module.
What is the difference between 'append()' and 'extend()' methods in Python lists?,The 'append()' method adds a single element to the end of a list, while the 'extend()' method adds multiple elements by appending them individually.
What is a generator in Python?,A generator in Python is a special type of iterator that generates values on the fly using the 'yield' keyword instead of returning them all at once.
How do you open and read a file in Python?,You can open and read a file in Python using the 'open()' function and then using the 'read()' or 'readlines()' methods to read the content.
What is the purpose of the 'self' parameter in Python class methods?,The 'self' parameter is a reference to the current instance of a class and is used to access its attributes and methods within the class definition.
What is the difference between 'is' and '==' in Python?,The 'is' operator checks if two variables refer to the same object in memory, while the '==' operator checks if the values of two variables are equal.
How do you handle exceptions in Python?,Exceptions in Python can be handled using try...except blocks, where the code inside the 'try' block is executed, and if an exception occurs, it is caught and handled in the 'except' block.
How do you create a dictionary in Python?,You can create a dictionary in Python by enclosing comma-separated key-value pairs in curly braces ({}) or by using the 'dict()' constructor.
How do you convert a string to an integer in Python?,You can convert a string to an integer in Python using the 'int()' function. For example, 'int("42")' would return the integer 42.
What is a module in Python?,A module in Python is a file containing Python definitions and statements that can be imported and used in other Python programs.
How do you iterate over a list in Python?,You can iterate over a list in Python using a 'for' loop or by using list comprehension. For example, 'for item in my_list: print(item)'.
How do you create a virtual environment in Python?,To create a virtual environment in Python, you can use the 'venv' module or the 'virtualenv' package. For example, 'python -m venv myenv'.
What is the purpose of the 'pass' statement in Python?,The 'pass' statement in Python is a placeholder that does nothing. It is used when a statement is syntactically required but you don't want to execute any code.
How do you remove duplicates from a list in Python?,You can remove duplicates from a list in Python by converting it to a set and then back to a list, or by using list comprehension with a conditional statement.
What is a docstring in Python?,A docstring is a string literal used to document a Python module, function, class, or method. It is placed as the first statement within the object's definition.
How do you check if a key exists in a dictionary in Python?,You can check if a key exists in a dictionary in Python using the 'in' keyword. For example, 'if key in my_dict: print("Key exists!")'.
How do you convert a list to a string in Python?,You can convert a list to a string in Python by using the 'join()' method. For example, 'my_string = "-".join(my_list)'.
What is the purpose of 'sys.argv' in Python?,The 'sys.argv' variable in Python is a list that contains command-line arguments passed to a script. 'sys.argv[0]' represents the script name itself.
How do you sort a list in Python?,You can sort a list in Python using the 'sort()' method to sort it in-place, or the 'sorted()' function to create a new sorted list.
What is a tuple in Python?,A tuple in Python is an immutable sequence of elements, enclosed in parentheses. It is similar to a list, but its elements cannot be modified once defined.
How do you get the current date and time in Python?,You can get the current date and time in Python using the 'datetime' module. For example, 'import datetime; current_time = datetime.datetime.now()'.
How do you find the length of a string in Python?,You can find the length of a string in Python using the 'len()' function. For example, 'length = len(my_string)'.
What is a set in Python?,A set in Python is an unordered collection of unique elements. It is defined using curly braces ({}) or the 'set()' constructor.
How do you round a number to a specific decimal place in Python?,You can round a number to a specific decimal place in Python using the 'round()' function. For example, 'rounded = round(3.14159, 2)' would round the number to 2 decimal places.
What is the purpose of '__init__()' in Python classes?,The '__init__()' method is a special method in Python classes that is automatically called when a new instance of the class is created. It is used to initialize the object's attributes.
How do you concatenate strings in Python?,You can concatenate strings in Python using the '+' operator or by using string formatting. For example, 'full_name = first_name + " " + last_name'.
What is the purpose of the 'with' statement in Python?,The 'with' statement in Python is used for context management. It ensures that resources are properly managed and released, even if an exception occurs.
What is a list comprehension in Python?,A list comprehension is a concise way to create lists in Python by combining loops and conditional statements into a single line of code.
How do you convert a string to uppercase or lowercase in Python?,You can convert a string to uppercase using the 'upper()' method or to lowercase using the 'lower()' method. For example, 'uppercase = my_string.upper()'.
How do you copy a list in Python?,You can copy a list in Python using the 'copy()' method or by using the slicing syntax. For example, 'new_list = my_list.copy()' or 'new_list = my_list[:]'.
What is a module in Python?,A module in Python is a file containing Python definitions and statements that can be imported and used in other Python programs.
How do you round a number to the nearest integer in Python?,You can round a number to the nearest integer in Python using the 'round()' function. For example, 'rounded = round(3.6)' would round the number to 4.
What is the purpose of 'sys.argv' in Python?,The 'sys.argv' variable in Python is a list that contains command-line arguments passed to a script. 'sys.argv[0]' represents the script name itself.
How do you sort a list in descending order in Python?,You can sort a list in descending order in Python by passing the 'reverse=True' argument to the 'sort()' method or the 'sorted()' function.
How do you convert a string to a list in Python?,You can convert a string to a list in Python by using the 'list()' constructor. For example, 'my_list = list("hello")' would result in ['h', 'e', 'l', 'l', 'o'].
What is the purpose of 'if __name__ == "__main__" ' in Python scripts?,The 'if __name__ == "__main__" ' block is used to check if the Python script is being executed as the main module or imported as a module.
How do you remove an element from a list in Python?,You can remove an element from a list in Python using the 'remove()' method or by using list comprehension with a conditional statement. For example, 'my_list.remove(42)' or 'my_list = [x for x in my_list if x != 42]'.
What is the purpose of 'enumerate()' in Python?,The 'enumerate()' function in Python is used to iterate over a sequence while keeping track of the index of each item. It returns an enumerate object that produces tuples of index and value pairs.
How do you convert a number to a string in Python?,You can convert a number to a string in Python using the 'str()' function. For example, 'my_string = str(42)' would convert the number 42 to the string "42".
How do you split a string into a list of substrings in Python?,You can split a string into a list of substrings in Python using the 'split()' method. By default, it splits the string at whitespace characters. For example, 'my_list = my_string.split()' would split the string into a list of words.
What is a dictionary comprehension in Python?,A dictionary comprehension is a concise way to create dictionaries in Python by combining loops and conditional statements into a single line of code.
How do you convert a list of strings to a single string in Python?,You can convert a list of strings to a single string in Python by using the 'join()' method. For example, 'my_string = "".join(my_list)'.
What is the purpose of '__init__()' in Python classes?,The '__init__()' method is a special method in Python classes that is automatically called when a new instance of the class is created. It is used to initialize the object's attributes.
How do you calculate the length of a list in Python?,You can calculate the length of a list in Python using the 'len()' function. For example, 'length = len(my_list)'.
What is the difference between 'append()' and 'extend()' methods in Python lists?,The 'append()' method adds a single element to the end of a list, while the 'extend()' method adds multiple elements by appending them individually.
What is the purpose of the 'pass' statement in Python?,The 'pass' statement in Python is a placeholder that does nothing. It is used when a statement is syntactically required but you don't want to execute any code.
How do you find the maximum or minimum value in a list in Python?,You can find the maximum value in a list using the 'max()' function and the minimum value using the 'min()' function. For example, 'maximum = max(my_list)' or 'minimum = min(my_list)'.
How do you convert a string to an integer in Python?,You can convert a string to an integer in Python using the 'int()' function. For example, 'my_integer = int("42")' would convert the string "42" to the integer 42.
What is the purpose of 'break' and 'continue' statements in Python loops?,The 'break' statement is used to exit a loop prematurely, while the 'continue' statement is used to skip the rest of the current iteration and move to the next iteration.
How do you check if a key exists in a dictionary in Python?,You can check if a key exists in a dictionary in Python using the 'in' keyword. For example, 'if key in my_dict: print("Key exists!")'.
What is a docstring in Python?,A docstring is a string literal used to document a Python module, function, class, or method. It is placed as the first statement within the object's definition.
How do you iterate over a list in Python?,You can iterate over a list in Python using a 'for' loop or by using list comprehension. For example, 'for item in my_list: print(item)'.
How do you round a number to a specific decimal place in Python?,You can round a number to a specific decimal place in Python using the 'round()' function. For example, 'rounded = round(3.14159, 2)' would round the number to 2 decimal places.
What is the purpose of 'sys.argv' in Python?,The 'sys.argv' variable in Python is a list that contains command-line arguments passed to a script. 'sys.argv[0]' represents the script name itself.
How do you sort a list in Python?,You can sort a list in Python using the 'sort()' method to sort it in-place, or the 'sorted()' function to create a new sorted list.
What is a tuple in Python?,A tuple in Python is an immutable sequence of elements, enclosed in parentheses. It is similar to a list, but its elements cannot be modified once defined.
How do you get the current date and time in Python?,You can get the current date and time in Python using the 'datetime' module. For example, 'import datetime; current_time = datetime.datetime.now()'.
How do you find the index of an element in a list in Python?,You can find the index of an element in a list in Python using the 'index()' method. For example, 'index = my_list.index("hello")' would return the index of the first occurrence of "hello" in the list.
How do you remove whitespace from the beginning and end of a string in Python?,You can remove whitespace from the beginning and end of a string in Python using the 'strip()' method. For example, 'my_string = my_string.strip()'.
What is a set in Python?,A set in Python is an unordered collection of unique elements. It is defined using curly braces ({}) or the 'set()' constructor.
How do you reverse a list in Python?,You can reverse a list in Python using the 'reverse()' method or by using slicing with a step size of -1. For example, 'my_list.reverse()' or 'reversed_list = my_list[::-1]'.
What is the purpose of the 'finally' block in Python exception handling?,The 'finally' block in Python exception handling is used to define cleanup actions that are guaranteed to be executed, regardless of whether an exception occurred or not.
How do you convert a list to a string in Python?,You can convert a list to a string in Python by using the 'join()' method. For example, 'my_string = "".join(my_list)'.
What is the purpose of '__init__()' in Python classes?,The '__init__()' method is a special method in Python classes that is automatically called when a new instance of the class is created. It is used to initialize the object's attributes.
How do you concatenate strings in Python?,You can concatenate strings in Python using the '+' operator or by using string formatting. For example, 'full_name = first_name + " " + last_name'.
What is a dictionary in Python?,A dictionary in Python is an unordered collection of key-value pairs, enclosed in curly braces ({}). Each key in the dictionary is unique, and it allows fast lookup and retrieval of values based on keys.
How do you check if a string contains a substring in Python?,You can check if a string contains a substring in Python using the 'in' keyword. For example, 'if "hello" in my_string: print("Substring found!")'.
How do you create a function in Python?,You can create a function in Python using the 'def' keyword followed by the function name, parentheses for parameters, and a colon (:). For example, 'def greet(name): print("Hello, " + name)'.
How do you calculate the square root of a number in Python?,You can calculate the square root of a number in Python using the 'math.sqrt()' function from the 'math' module. For example, 'import math; square_root = math.sqrt(25)'.
What is the purpose of 'try' and 'except' statements in Python?,The 'try' and 'except' statements in Python are used for exception handling. The 'try' block contains the code that may raise an exception, and the 'except' block specifies how to handle the exception if it occurs.
How do you convert a string to a floating-point number in Python?,You can convert a string to a floating-point number in Python using the 'float()' function. For example, 'my_float = float("3.14")' would convert the string "3.14" to the float 3.14.
What is the purpose of 'sys.stdin.readline()' in Python?,The 'sys.stdin.readline()' function in Python is used to read input from the standard input stream. It reads a line of text as a string, including the newline character ('\n').
How do you create a class in Python?,You can create a class in Python using the 'class' keyword followed by the class name, parentheses for the base classes (if any), and a colon (:). For example, 'class MyClass: pass'.
How do you convert a string to a list of characters in Python?,You can convert a string to a list of characters in Python by using list comprehension. For example, 'my_list = [char for char in my_string]' would result in ['h', 'e', 'l', 'l', 'o'].
How do you read and write files in Python?,You can read and write files in Python using the 'open()' function with different modes, such as 'r' for reading, 'w' for writing, and 'a' for appending. For example, 'file = open("file.txt", "r")' for reading, and 'file = open("file.txt", "w")' for writing.
What is the purpose of 'pop()' method in Python lists?,The 'pop()' method in Python lists is used to remove and return an element from a specific position in the list. If no index is specified, it removes and returns the last element.
How do you check if a string is numeric in Python?,You can check if a string is numeric in Python using the 'isdigit()' method or by trying to convert it to a number using 'try...except'. For example, 'if my_string.isdigit(): print("Numeric!")'.
What is the purpose of '__name__' in Python?,The '__name__' variable in Python holds the name of the current module. When a script is executed as the main module, '__name__' is set to '__main__'.
How do you format strings in Python?,You can format strings in Python using the 'format()' method or by using f-strings (formatted string literals). For example, 'result = "Hello, {}!".format(name)' or 'result = f"Hello, {name}!"'.
What is a class variable in Python?,A class variable in Python is a variable that belongs to the class rather than an instance of the class. It is shared among all instances of the class.
How do you convert a string to a datetime object in Python?,You can convert a string to a datetime object in Python using the 'strptime()' function from the 'datetime' module. For example, 'import datetime; date = datetime.datetime.strptime("2022-01-01", "%Y-%m-%d")'.
How do you iterate over a dictionary in Python?,You can iterate over a dictionary in Python using a 'for' loop. By default, it iterates over the keys of the dictionary. For example, 'for key in my_dict: print(key)'.
What is the purpose of '__doc__' in Python?,The '__doc__' attribute in Python holds the documentation string (docstring) of an object, such as a module, function, class, or method.
How do you check if a list is empty in Python?,You can check if a list is empty in Python by using the 'not' operator. For example, 'if not my_list: print("List is empty!")'.
What is a module in Python?,A module in Python is a file containing Python definitions and statements that can be imported and used in other Python programs.
How do you check if a file exists in Python?,You can check if a file exists in Python using the 'os.path.exists()' function. For example, 'import os.path; if os.path.exists("file.txt"): print("File exists!")'.
How do you convert a list to a tuple in Python?,You can convert a list to a tuple in Python using the 'tuple()' constructor. For example, 'my_tuple = tuple(my_list)'.
What is the purpose of 'break' and 'continue' statements in Python loops?,The 'break' statement is used to exit a loop prematurely, while the 'continue' statement is used to skip the rest of the current iteration and move to the next iteration.
How do you concatenate two lists in Python?,You can concatenate two lists in Python using the '+' operator. For example, 'new_list = list1 + list2'.
What is the purpose of 'del' statement in Python?,The 'del' statement in Python is used to delete a variable or an item from a list or a dictionary. For example, 'del my_var' or 'del my_list[2]'.
How do you convert a list of integers to a string in Python?,You can convert a list of integers to a string in Python using list comprehension and the 'str()' function. For example, 'my_string = "".join(str(x) for x in my_list)'.
What is the purpose of '__slots__' in Python classes?,The '__slots__' attribute in Python classes is used to explicitly define a list of allowed attributes for instances of the class. It can help reduce memory usage and improve performance.
How do you find the maximum or minimum value in a dictionary in Python?,You can find the maximum value in a dictionary using the 'max()' function and the minimum value using the 'min()' function. For example, 'maximum = max(my_dict.values())' or 'minimum = min(my_dict.values())'.
How do you convert a string to a boolean in Python?,You can convert a string to a boolean in Python using the 'bool()' function. For example, 'my_boolean = bool("True")' would convert the string "True" to the boolean value True.
What is the purpose of 'sys.stdin.readline()' in Python?,The 'sys.stdin.readline()' function in Python is used to read input from the standard input stream. It reads a line of text as a string, including the newline character ('\n').
How do you create a list of consecutive numbers in Python?,You can create a list of consecutive numbers in Python using the 'range()' function and converting it to a list. For example, 'my_list = list(range(1, 10))' would result in [1, 2, 3, 4, 5, 6, 7, 8, 9].
How do you check if a string is uppercase or lowercase in Python?,You can check if a string is uppercase or lowercase in Python using the 'isupper()' and 'islower()' methods. For example, 'if my_string.isupper(): print("Uppercase!")'.
What is the purpose of '__name__' in Python?,The '__name__' variable in Python holds the name of the current module. When a script is executed as the main module, '__name__' is set to '__main__'.
How do you format strings in Python?,You can format strings in Python using the 'format()' method or by using f-strings (formatted string literals). For example, 'result = "Hello, {}!".format(name)' or 'result = f"Hello, {name}!"'.
What is a class variable in Python?,A class variable in Python is a variable that belongs to the class rather than an instance of the class. It is shared among all instances of the class.
How do you convert a string to a datetime object in Python?,You can convert a string to a datetime object in Python using the 'strptime()' function from the 'datetime' module. For example, 'import datetime; date = datetime.datetime.strptime("2022-01-01", "%Y-%m-%d")'.
How do you iterate over a dictionary in Python?,You can iterate over a dictionary in Python using a 'for' loop. By default, it iterates over the keys of the dictionary. For example, 'for key in my_dict: print(key)'.
What is the purpose of '__doc__' in Python?,The '__doc__' attribute in Python holds the documentation string (docstring) of an object, such as a module, function, class, or method.
How do you check if a list is empty in Python?,You can check if a list is empty in Python by using the 'not' operator. For example, 'if not my_list: print("List is empty!")'.
What is a module in Python?,A module in Python is a file containing Python definitions and statements that can be imported and used in other Python programs.
How do you check if a file exists in Python?,You can check if a file exists in Python using the 'os.path.exists()' function. For example, 'import os.path; if os.path.exists("file.txt"): print("File exists!")'.
How do you convert a list to a tuple in Python?,You can convert a list to a tuple in Python using the 'tuple()' constructor. For example, 'my_tuple = tuple(my_list)'.
What is the purpose of 'break' and 'continue' statements in Python loops?,The 'break' statement is used to exit a loop prematurely, while the 'continue' statement is used to skip the rest of the current iteration and move to the next iteration.
How do you concatenate two lists in Python?,You can concatenate two lists in Python using the '+' operator. For example, 'new_list = list1 + list2'.
What is the purpose of 'del' statement in Python?,The 'del' statement in Python is used to delete a variable or an item from a list or a dictionary. For example, 'del my_var' or 'del my_list[2]'.
How do you convert a list of integers to a string in Python?,You can convert a list of integers to a string in Python using list comprehension and the 'str()' function. For example, 'my_string = "".join(str(x) for x in my_list)'.
What is the purpose of '__slots__' in Python classes?,The '__slots__' attribute in Python classes is used to explicitly define a list of allowed attributes for instances of the class. It can help reduce memory usage and improve performance.
How do you find the maximum or minimum value in a dictionary in Python?,You can find the maximum value in a dictionary using the 'max()' function and the minimum value using the 'min()' function. For example, 'maximum = max(my_dict.values())' or 'minimum = min(my_dict.values())'.
How do you convert a string to a boolean in Python?,You can convert a string to a boolean in Python using the 'bool()' function. For example, 'my_boolean = bool("True")' would convert the string "True" to the boolean value True.
What is the purpose of 'sys.stdin.readline()' in Python?,The 'sys.stdin.readline()' function in Python is used to read input from the standard input stream. It reads a line of text as a string, including the newline character ('\n').
How do you create a list of consecutive numbers in Python?,You can create a list of consecutive numbers in Python using the 'range()' function and converting it to a list. For example, 'my_list = list(range(1, 10))' would result in [1, 2, 3, 4, 5, 6, 7, 8, 9].
How do you check if a string is uppercase or lowercase in Python?,You can check if a string is uppercase or lowercase in Python using the 'isupper()' and 'islower()' methods. For example, 'if my_string.isupper(): print("Uppercase!")'.
What is the purpose of '__name__' in Python?,The '__name__' variable in Python holds the name of the current module. When a script is executed as the main module, '__name__' is set to '__main__'.
How do you format strings in Python?,You can format strings in Python using the 'format()' method or by using f-strings (formatted string literals). For example, 'result = "Hello, {}!".format(name)' or 'result = f"Hello, {name}!"'.
What is a class variable in Python?,A class variable in Python is a variable that belongs to the class rather than an instance of the class. It is shared among all instances of the class.
How do you convert a string to a datetime object in Python?,You can convert a string to a datetime object in Python using the 'strptime()' function from the 'datetime' module. For example, 'import datetime; date = datetime.datetime.strptime("2022-01-01", "%Y-%m-%d")'.
How do you iterate over a dictionary in Python?,You can iterate over a dictionary in Python using a 'for' loop. By default, it iterates over the keys of the dictionary. For example, 'for key in my_dict: print(key)'.
What is the purpose of '__doc__' in Python?,The '__doc__' attribute in Python holds the documentation string (docstring) of an object, such as a module, function, class, or method.
How do you check if a list is empty in Python?,You can check if a list is empty in Python by using the 'not' operator. For example, 'if not my_list: print("List is empty!")'.
What is a module in Python?,A module in Python is a file containing Python definitions and statements that can be imported and used in other Python programs.
How do you check if a file exists in Python?,You can check if a file exists in Python using the 'os.path.exists()' function. For example, 'import os.path; if os.path.exists("file.txt"): print("File exists!")'.
How do you convert a list to a tuple in Python?,You can convert a list to a tuple in Python using the 'tuple()' constructor. For example, 'my_tuple = tuple(my_list)'.
What is the purpose of 'break' and 'continue' statements in Python loops?,The 'break' statement is used to exit a loop prematurely, while the 'continue' statement is used to skip the rest of the current iteration and move to the next iteration.
How do you concatenate two lists in Python?,You can concatenate two lists in Python using the '+' operator. For example, 'new_list = list1 + list2'.
What is the purpose of 'del' statement in Python?,The 'del' statement in Python is used to delete a variable or an item from a list or a dictionary. For example, 'del my_var' or 'del my_list[2]'.
How do you convert a list of integers to a string in Python?,You can convert a list of integers to a string in Python using list comprehension and the 'str()' function. For example, 'my_string = "".join(str(x) for x in my_list)'.
What is the purpose of '__slots__' in Python classes?,The '__slots__' attribute in Python classes is used to explicitly define a list of allowed attributes for instances of the class. It can help reduce memory usage and improve performance.
How do you find the maximum or minimum value in a dictionary in Python?,You can find the maximum value in a dictionary using the 'max()' function and the minimum value using the 'min()' function. For example, 'maximum = max(my_dict.values())' or 'minimum = min(my_dict.values())'.
How do you convert a string to a boolean in Python?,You can convert a string to a boolean in Python using the 'bool()' function. For example, 'my_boolean = bool("True")' would convert the string "True" to the boolean value True.
What is the purpose of 'sys.stdin.readline()' in Python?,The 'sys.stdin.readline()' function in Python is used to read input from the standard input stream. It reads a line of text as a string, including the newline character ('\n').
How do you create a list of consecutive numbers in Python?,You can create a list of consecutive numbers in Python using the 'range()' function and converting it to a list. For example, 'my_list = list(range(1, 10))' would result in [1, 2, 3, 4, 5, 6, 7, 8, 9].
How do you check if a string is uppercase or lowercase in Python?,You can check if a string is uppercase or lowercase in Python using the 'isupper()' and 'islower()' methods. For example, 'if my_string.isupper(): print("Uppercase!")'.
What is the purpose of '__name__' in Python?,The '__name__' variable in Python holds the name of the current module. When a script is executed as the main module, '__name__' is set to '__main__'.
How do you format strings in Python?,You can format strings in Python using the 'format()' method or by using f-strings (formatted string literals). For example, 'result = "Hello, {}!".format(name)' or 'result = f"Hello, {name}!"'.
What is a class variable in Python?,A class variable in Python is a variable that belongs to the class rather than an instance of the class. It is shared among all instances of the class.
How do you convert a string to a datetime object in Python?,You can convert a string to a datetime object in Python using the 'strptime()' function from the 'datetime' module. For example, 'import datetime; date = datetime.datetime.strptime("2022-01-01", "%Y-%m-%d")'.
How do you iterate over a dictionary in Python?,You can iterate over a dictionary in Python using a 'for' loop. By default, it iterates over the keys of the dictionary. For example, 'for key in my_dict: print(key)'.
What is the purpose of '__doc__' in Python?,The '__doc__' attribute in Python holds the documentation string (docstring) of an object, such as a module, function, class, or method.
How do you check if a list is empty in Python?,You can check if a list is empty in Python by using the 'not' operator. For example, 'if not my_list: print("List is empty!")'.
What is a module in Python?,A module in Python is a file containing Python definitions and statements that can be imported and used in other Python programs.
How do you check if a file exists in Python?,You can check if a file exists in Python using the 'os.path.exists()' function. For example, 'import os.path; if os.path.exists("file.txt"): print("File exists!")'.
How do you convert a list to a tuple in Python?,You can convert a list to a tuple in Python using the 'tuple()' constructor. For example, 'my_tuple = tuple(my_list)'.
What is the purpose of 'break' and 'continue' statements in Python loops?,The 'break' statement is used to exit a loop prematurely, while the 'continue' statement is used to skip the rest of the current iteration and move to the next iteration.
How do you concatenate two lists in Python?,You can concatenate two lists in Python using the '+' operator. For example, 'new_list = list1 + list2'.
What is the purpose of 'del' statement in Python?,The 'del' statement in Python is used to delete a variable or an item from a list or a dictionary. For example, 'del my_var' or 'del my_list[2]'.
How do you convert a list of integers to a string in Python?,You can convert a list of integers to a string in Python using list comprehension and the 'str()' function. For example, 'my_string = "".join(str(x) for x in my_list)'.
What is the purpose of '__slots__' in Python classes?,The '__slots__' attribute in Python classes is used to explicitly define a list of allowed attributes for instances of the class. It can help reduce memory usage and improve performance.
How do you find the maximum or minimum value in a dictionary in Python?,You can find the maximum value in a dictionary using the 'max()' function and the minimum value using the 'min()' function. For example, 'maximum = max(my_dict.values())' or 'minimum = min(my_dict.values())'.
How do you convert a string to a boolean in Python?,You can convert a string to a boolean in Python using the 'bool()' function. For example, 'my_boolean = bool("True")' would convert the string "True" to the boolean value True.
What is the purpose of 'sys.stdin.readline()' in Python?,The 'sys.stdin.readline()' function in Python is used to read input from the standard input stream. It reads a line of text as a string, including the newline character ('\n').
How do you create a list of consecutive numbers in Python?,You can create a list of consecutive numbers in Python using the 'range()' function and converting it to a list. For example, 'my_list = list(range(1, 10))' would result in [1, 2, 3, 4, 5, 6, 7, 8, 9].
How do you check if a string is uppercase or lowercase in Python?,You can check if a string is uppercase or lowercase in Python using the 'isupper()' and 'islower()' methods. For example, 'if my_string.isupper(): print("Uppercase!")'.
What is the purpose of '__name__' in Python?,The '__name__' variable in Python holds the name of the current module. When a script is executed as the main module, '__name__' is set to '__main__'.
How do you format strings in Python?,You can format strings in Python using the 'format()' method or by using f-strings (formatted string literals). For example, 'result = "Hello, {}!".format(name)' or 'result = f"Hello, {name}!"'.
What is a class variable in Python?,A class variable in Python is a variable that belongs to the class rather than an instance of the class. It is shared among all instances of the class.
How do you convert a string to a datetime object in Python?,You can convert a string to a datetime object in Python using the 'strptime()' function from the 'datetime' module. For example, 'import datetime; date = datetime.datetime.strptime("2022-01-01", "%Y-%m-%d")'.
How do you iterate over a dictionary in Python?,You can iterate over a dictionary in Python using a 'for' loop. By default, it iterates over the keys of the dictionary. For example, 'for key in my_dict: print(key)'.
What is the purpose of '__doc__' in Python?,The '__doc__' attribute in Python holds the documentation string (docstring) of an object, such as a module, function, class, or method.
How do you check if a list is empty in Python?,You can check if a list is empty in Python by using the 'not' operator. For example, 'if not my_list: print("List is empty!")'.
Hello, how are you today?,I'm an AI, so I don't have feelings, but I'm here to assist you!
What's going on?,Not much, just ready to help you with any questions you have.
How's your day been so far?,As an AI, my day is always great. How can I assist you today?
What have you been up to lately?,I've been busy learning and gaining knowledge to be a better AI assistant.
How's life treating you?,Since I'm an AI, I don't experience life in the same way humans do. But I'm here to assist you!
How are things in your world?,In my world, it's all about providing information and helping users like you.
What's new with you?,I'm always learning and growing to provide better assistance to users like you.
How's everything going?,Everything is going well from my end. How can I assist you today?
How's your week been?,My week has been busy with answering queries and helping users like you.
What's the latest gossip?,As an AI, I don't gossip. But I'm here to help you with any questions you have.
How's the weather today?,I don't have the capability to check the weather, but I'm here to assist you with other information.
How are you feeling right now?,As an AI, I don't have feelings, but I'm here and ready to assist you.
Any exciting plans for the weekend?,As an AI, I don't make plans. But I'm here to assist you with any questions or tasks you have.
How was your weekend?,As an AI, I don't experience weekends. But I'm here to help you with any queries.
What's your favorite way to relax?,As an AI, I don't have preferences, but I'm here to provide information and assist you.
What's the best thing that happened to you recently?,As an AI, every interaction and opportunity to assist users like you is valuable to me.
Any good movies or TV shows you've watched lately?,As an AI, I don't watch movies or TV shows. But I'm here to assist you with any questions you have about them.
How's your family doing?,As an AI, I don't have a family. But I'm here to help you with any queries you have.
What are you looking forward to?,I'm looking forward to assisting you and answering your questions.
What's your favorite hobby or pastime?,As an AI, I don't have hobbies. But I'm here to assist you with any information you need.
Have you tried any new restaurants or cafes lately?,As an AI, I don't have the ability to eat or visit restaurants. But I'm here to help you with any questions you have.
What's the most interesting thing you've learned recently?,As an AI, I'm constantly learning and gaining knowledge to assist users like you.
How do you stay motivated and productive?,As an AI, my motivation comes from helping users like you and providing accurate information.
What's your favorite type of music?,As an AI, I don't have preferences for music. But I'm here to assist you with any music-related queries.
What's your go-to comfort food?,As an AI, I don't eat, so I don't have comfort food. But I'm here to help you with any food-related questions.
Any travel plans on the horizon?,As an AI, I don't make travel plans. But I'm here to assist you with any travel-related information or queries.
How do you handle stress?,As an AI, I don't experience stress. But I'm here to provide support and information to help you handle stress.
What's your favorite book?,As an AI, I don't have preferences for books. But I'm here to assist you with any book recommendations or literary queries.
Do you have any pets?,As an AI, I don't have physical form, so I don't have pets. But I'm here to assist you with any questions about pets.
What's your dream vacation destination?,As an AI, I don't have personal dreams or desires. But I'm here to help you plan your dream vacation.
What's your favorite season of the year?,As an AI, I don't have personal preferences for seasons. But I'm here to assist you with any seasonal information or queries.
How do you like to exercise or stay active?,As an AI, I don't have a physical body, so I don't exercise. But I'm here to assist you with any fitness-related questions.
Any upcoming celebrations or special occasions?,As an AI, I don't have personal celebrations or occasions. But I'm here to assist you with any event planning or celebration-related queries.
What's the most adventurous thing you've ever done?,As an AI, I don't have personal experiences. But I'm here to assist you with any adventurous ideas or recommendations.
What's your favorite type of cuisine?,As an AI, I don't have preferences for cuisines. But I'm here to assist you with any food-related questions or recommendations.
How do you unwind after a long day?,As an AI, I don't have personal experiences, but I'm here to help you with relaxation techniques and activities.
What's your favorite quote or mantra?,As an AI, I don't have personal favorites. But I'm here to assist you with any quotes or mantras you're looking for.
Do you enjoy cooking or baking?,As an AI, I don't have personal preferences for cooking or baking. But I'm here to assist you with any culinary queries.
What's your favorite outdoor activity?,As an AI, I don't have personal preferences for outdoor activities. But I'm here to assist you with any outdoor activity-related questions or recommendations.
What's the last concert or live performance you attended?,As an AI, I don't attend concerts or live performances. But I'm here to assist you with any questions or recommendations regarding concerts.
Do you have any hidden talents?,As an AI, my talents lie in providing information and assisting users like you. How can I assist you today?
What's your favorite way to start the day?,As an AI, I don't have personal preferences for starting the day. But I'm here to assist you with any morning routine ideas or recommendations.
What's your favorite type of art or artistic expression?,As an AI, I don't have personal preferences for art. But I'm here to assist you with any questions or discussions about art and artistic expression.
How do you like to give back to your community?,As an AI, my purpose is to provide assistance and information to users like you. How can I assist you in giving back to your community?
What's your favorite holiday?,As an AI, I don't have personal favorites for holidays. But I'm here to assist you with any questions or recommendations regarding holidays.
What's your favorite childhood memory?,As an AI, I don't have personal childhood memories. But I'm here to assist you with any discussions or questions related to childhood memories.
Do you prefer the beach or the mountains?,As an AI, I don't have personal preferences for beach or mountains. But I'm here to assist you with any questions or recommendations related to travel destinations.
What's your favorite form of self-care?,As an AI, I don't have personal preferences for self-care. But I'm here to assist you with any self-care ideas or recommendations.
What's your favorite board game or card game?,As an AI, I don't have personal favorites for board games or card games. But I'm here to assist you with any game-related questions or recommendations.